"","outcome","tx_demographic","OR","i_ci","s_ci","pvalue","n","SL_libraries","Q_weights","g_weights","SOFA"
"1","lactate_day1_yes_no","No English","0.971340276209036","0.871580619500871","1.08251825600042","0.598940081689344","19635","SL.glm SL.mean","0.974384203695469 0.0256157963045312","0.991836214502107 0.00816378549789317","0 - 22"
"2","lactate_day1_yes_no","No English","0.954007153278059","0.797889054634808","1.14067193078901","0.605562005306174","5347","SL.glm SL.mean","0.936146375947276 0.0638536240527239","0.969599815748846 0.0304001842511536","0 - 3"
"3","lactate_day1_yes_no","No English","0.913357383668075","0.757121258720916","1.10183369003577","0.343719905890075","7292","SL.glm SL.mean","0.92054169908723 0.0794583009127702","0.959119551515054 0.0408804484849462","4 - 6"
"4","lactate_day1_yes_no","No English","1.08940149243199","0.822725479604667","1.44251714713311","0.549990604351625","6996","SL.glm SL.mean","0.898179508085837 0.101820491914163","0.518826522033848 0.481173477966152","7 - 22"
