"","outcome","tx_demographic","OR","i_ci","s_ci","pvalue","n","SL_libraries","Q_weights","g_weights","SOFA"
"1","lactate_day1_yes_no","F","0.936483625109188","0.876197115520193","1.00091813196278","0.0532400992358532","19635","SL.glm SL.mean","0.978856200343772 0.0211437996562282","0.970961608516345 0.029038391483655","0 - 22"
"2","lactate_day1_yes_no","F","0.955605633492406","0.854778655094617","1.06832584239172","0.424743841406445","5347","SL.glm SL.mean","0.945343596260749 0.0546564037392514","0.944802464485376 0.0551975355146237","0 - 3"
"3","lactate_day1_yes_no","F","0.939347260277723","0.839189709091164","1.05145864615865","0.276724347617132","7292","SL.glm SL.mean","0.933232216871358 0.066767783128642","0.951008575105773 0.0489914248942272","4 - 6"
"4","lactate_day1_yes_no","F","0.947513189377467","0.799117076657761","1.12346647352244","0.535004403673937","6996","SL.glm SL.mean","0.85937075021543 0.14062924978457","0.910168517447636 0.0898314825523635","7 - 22"
